{
  "project_info": {
    "project_number": "319933494144",
    "project_id": "chatsapp-256e0",
    "storage_bucket": "chatsapp-256e0.appspot.com"
  },
  "client": [
    {
      "client_info": {
        "mobilesdk_app_id": "1:319933494144:android:95416a5705e1abe455c765",
        "android_client_info": {
          "package_name": "com.mianasad.chatsapp"
        }
      },
      "oauth_client": [
        {
          "client_id": "319933494144-7r6vm4qv5j975s66qq2j9ptgjfl6jrai.apps.googleusercontent.com",
          "client_type": 3
        }
      ],
      "api_key": [
        {
          "current_key": "AIzaSyDncUXq0RIf1GAmV-Re7xDG2aZx5jHZUAQ"
        }
      ],
      "services": {
        "appinvite_service": {
          "other_platform_oauth_client": [
            {
              "client_id": "319933494144-7r6vm4qv5j975s66qq2j9ptgjfl6jrai.apps.googleusercontent.com",
              "client_type": 3
            }
          ]
        }
      }
    }
  ],
  "configuration_version": "1"
}